{
  "iteration": 10,
  "n_total": 15,
  "n_feasible": 15,
  "pareto_size": 11,
  "hypervolume": 0.43524613824293185,
  "hypervolume_raw": 6721.941359023839,
  "best_objectives": {
    "time_s": 2570.5,
    "temp_K": 301.4865307976011,
    "aging_pct": 0.023774910513874977
  },
  "hv_trace": [
    0.3995048871972377,
    0.3995048871972377,
    0.41907707874634526,
    0.4276093715106809,
    0.4276093715106809,
    0.43110051329929044,
    0.43110051329929044,
    0.4335699143891715,
    0.43408280819707734,
    0.43524613824293185
  ],
  "w_vec": [
    0.00980392156862745,
    0.00980392156862745,
    0.9803921568627451
  ]
}