{
  "iteration": 5,
  "n_total": 10,
  "n_feasible": 10,
  "pareto_size": 7,
  "hypervolume": 0.4276093715106809,
  "hypervolume_raw": 6603.999133610956,
  "best_objectives": {
    "time_s": 2649.2000000000003,
    "temp_K": 301.4865307976011,
    "aging_pct": 0.024057290648818227
  },
  "hv_trace": [
    0.3995048871972377,
    0.3995048871972377,
    0.41907707874634526,
    0.4276093715106809,
    0.4276093715106809
  ],
  "w_vec": [
    0.00980392156862745,
    0.9803921568627451,
    0.00980392156862745
  ]
}