{
  "iteration": 10,
  "n_total": 25,
  "n_feasible": 24,
  "pareto_size": 10,
  "hypervolume": 0.4990560920753194,
  "hypervolume_raw": 7707.422286011233,
  "best_objectives": {
    "time_s": 2363.3,
    "temp_K": 301.8901165528505,
    "aging_pct": 0.02396527915899122
  },
  "hv_trace": [
    0.4837226626537424,
    0.4837226626537424,
    0.4837691019811818,
    0.4915082244904461,
    0.4974165661065226,
    0.4974165661065226,
    0.4974165661065226,
    0.4974165661065226,
    0.4974165661065226,
    0.4990560920753194
  ],
  "w_vec": [
    0.9803921568627451,
    0.00980392156862745,
    0.00980392156862745
  ]
}