{
  "iteration": 170,
  "n_total": 185,
  "n_feasible": 146,
  "pareto_size": 64,
  "hypervolume": 0.5158342531891547,
  "hypervolume_raw": 7966.544206253301,
  "best_objectives": {
    "time_s": 2345.8,
    "temp_K": 301.3084918191146,
    "aging_pct": 0.02371186990555017
  },
  "hv_trace": [
    0.4837226626537425,
    0.4837226626537425,
    0.4837691019811818,
    0.49150822449044607,
    0.49741656610652263,
    0.49741656610652263,
    0.49741656610652263,
    0.49741656610652263,
    0.49741656610652263,
    0.4990560920753195,
    0.4990560920753195,
    0.4990560920753195,
    0.4990560920753195,
    0.4990560920753195,
    0.4990560920753195,
    0.4990560920753195,
    0.49945992682289897,
    0.499468859358531,
    0.499468859358531,
    0.499468859358531,
    0.499468859358531,
    0.499468859358531,
    0.5009267465140991,
    0.5015903084225602,
    0.5015903084225602,
    0.5015903084225602,
    0.5018513117320885,
    0.5025615460231743,
    0.5025716966578199,
    0.5025716966578199,
    0.5025716966578199,
    0.5025716966578199,
    0.5025716966578199,
    0.5025716966578199,
    0.5057190723936853,
    0.5057190723936853,
    0.5057190723936853,
    0.5057190723936853,
    0.5063721489088563,
    0.5065054712725837,
    0.5065457412304458,
    0.5065595754486538,
    0.5066612341936689,
    0.5066612341936689,
    0.5068075585986963,
    0.5068178888157124,
    0.5068217538410615,
    0.5068217538410615,
    0.5068217538410615,
    0.5068217538410615,
    0.5084740750102663,
    0.5084740750102663,
    0.5084772852523676,
    0.5084772852523676,
    0.5084772852523676,
    0.5084772852523676,
    0.5084772852523676,
    0.509023118216074,
    0.509023118216074,
    0.5096386960594916,
    0.5096386960594916,
    0.5096386960594916,
    0.5096386960594916,
    0.5096386960594916,
    0.5096395886278051,
    0.5096395886278051,
    0.5098059091584733,
    0.5098148436849081,
    0.5098148436849081,
    0.5098148436849081,
    0.5098148436849081,
    0.5098148436849081,
    0.5098148436849081,
    0.5098148436849081,
    0.5098295019755005,
    0.5098295019755005,
    0.5098295019755005,
    0.5098295019755005,
    0.5098852277688348,
    0.5098852277688348,
    0.5098852277688348,
    0.5101774444148597,
    0.5101774444148597,
    0.5101774444148597,
    0.5101834853768472,
    0.5103368844763617,
    0.5103368844763617,
    0.5103368844763617,
    0.5104138073561121,
    0.5108187392554805,
    0.5108187392554805,
    0.5108216646067789,
    0.5108216646067789,
    0.5110901075045485,
    0.5110901078781676,
    0.5110901078781676,
    0.5110979443538851,
    0.5111494076774505,
    0.5111494076774505,
    0.5111494076774505,
    0.511158255608554,
    0.511158255608554,
    0.5111647648806539,
    0.5127446487407302,
    0.5127619012021744,
    0.5127619012021744,
    0.5127619012021744,
    0.5127633780126086,
    0.5127633780126086,
    0.5127698074280416,
    0.5127698074280416,
    0.5127698074280416,
    0.5127698074280416,
    0.5127698074280416,
    0.5127698074280416,
    0.5127701424730745,
    0.5127702783704395,
    0.5127702783704395,
    0.5127802409788048,
    0.5127834368787888,
    0.5127834368787888,
    0.5127838210091277,
    0.5127839047908659,
    0.5127839078997177,
    0.5128019374588453,
    0.5128019374588453,
    0.5128019374588453,
    0.5128019374588453,
    0.5128019374588453,
    0.5128019374588453,
    0.5128019374588453,
    0.5128029123912916,
    0.5128029777045995,
    0.5128038019344836,
    0.5128038019344836,
    0.5129373025775847,
    0.5129447850592729,
    0.5129447850592729,
    0.5142596488926304,
    0.5142789914909218,
    0.5147227372980347,
    0.5147227372980347,
    0.5147227372980347,
    0.5147227407856886,
    0.5147227407856886,
    0.5147227407856886,
    0.5147227407856886,
    0.5147227609186622,
    0.5147227673637292,
    0.5147227673637292,
    0.5147227673637292,
    0.5147227673637292,
    0.5147227673637292,
    0.5147227673637292,
    0.5147236594947378,
    0.5147236594947378,
    0.5147236594947378,
    0.5147236594947378,
    0.5147237056345175,
    0.5147237056345175,
    0.5147237056345175,
    0.5147237056345175,
    0.5147277613733267,
    0.5147277613733267,
    0.5147277613733267,
    0.5147277613733267,
    0.5147277613733267,
    0.5147284556957027,
    0.5147284556957027,
    0.5158342531891547
  ],
  "w_vec": [
    0.00980392156862745,
    0.9803921568627451,
    0.00980392156862745
  ]
}