{
  "iteration": 20,
  "n_total": 35,
  "n_feasible": 31,
  "pareto_size": 14,
  "hypervolume": 0.5027552581015255,
  "hypervolume_raw": 7764.552206119961,
  "best_objectives": {
    "time_s": 2363.4,
    "temp_K": 301.77156455476813,
    "aging_pct": 0.023904369858044165
  },
  "hv_trace": [
    0.4837226626537424,
    0.4837226626537424,
    0.4837226626537424,
    0.49146178516300676,
    0.49147431422191545,
    0.49147431422191545,
    0.49147431422191545,
    0.49147431422191545,
    0.49147431422191545,
    0.49149248271199136,
    0.49149248271199136,
    0.49149248271199136,
    0.4941505370177458,
    0.4946472691002952,
    0.49615407798077127,
    0.49615407798077127,
    0.5011110567244601,
    0.5027552581015255,
    0.5027552581015255,
    0.5027552581015255
  ],
  "w_vec": [
    0.9803921568627451,
    0.00980392156862745,
    0.00980392156862745
  ]
}