{
  "iteration": 20,
  "n_total": 35,
  "n_feasible": 29,
  "pareto_size": 12,
  "hypervolume": 0.4994688593585311,
  "hypervolume_raw": 7713.797063933154,
  "best_objectives": {
    "time_s": 2363.3,
    "temp_K": 301.77156455476813,
    "aging_pct": 0.02396527915899122
  },
  "hv_trace": [
    0.4837226626537424,
    0.4837226626537424,
    0.4837691019811818,
    0.4915082244904461,
    0.4974165661065226,
    0.4974165661065226,
    0.4974165661065226,
    0.4974165661065226,
    0.4974165661065226,
    0.4990560920753194,
    0.4990560920753194,
    0.4990560920753194,
    0.4990560920753194,
    0.4990560920753194,
    0.4990560920753194,
    0.4990560920753194,
    0.49945992682289897,
    0.4994688593585311,
    0.4994688593585311,
    0.4994688593585311
  ],
  "w_vec": [
    0.9803921568627451,
    0.00980392156862745,
    0.00980392156862745
  ]
}