{
  "iteration": 15,
  "n_total": 30,
  "n_feasible": 27,
  "pareto_size": 16,
  "hypervolume": 0.49615407798077127,
  "hypervolume_raw": 7662.603580335031,
  "best_objectives": {
    "time_s": 2404.5,
    "temp_K": 301.78333733913684,
    "aging_pct": 0.023904369858044165
  },
  "hv_trace": [
    0.4837226626537424,
    0.4837226626537424,
    0.4837226626537424,
    0.49146178516300676,
    0.49147431422191545,
    0.49147431422191545,
    0.49147431422191545,
    0.49147431422191545,
    0.49147431422191545,
    0.49149248271199136,
    0.49149248271199136,
    0.49149248271199136,
    0.4941505370177458,
    0.4946472691002952,
    0.49615407798077127
  ],
  "w_vec": [
    0.9803921568627451,
    0.00980392156862745,
    0.00980392156862745
  ]
}