{
  "iteration": 40,
  "n_total": 55,
  "n_feasible": 44,
  "pareto_size": 20,
  "hypervolume": 0.11463333242256228,
  "hypervolume_raw": 5.896732863604248,
  "best_objectives": {
    "time_s": 2363.3,
    "temp_K": 301.4605300594677,
    "aging_pct": 0.02376835586078395
  },
  "hv_trace": [
    0.1089640608345282,
    0.1089640608345282,
    0.1090051379459418,
    0.11031741616743429,
    0.11123330700743346,
    0.11123330700743346,
    0.11123330700743346,
    0.11123330700743346,
    0.11123330700743346,
    0.11195786079018098,
    0.11195786079018098,
    0.11195786079018098,
    0.11195786079018098,
    0.11195786079018098,
    0.11195786079018098,
    0.11195786079018098,
    0.11201936185903576,
    0.112023308525892,
    0.112023308525892,
    0.112023308525892,
    0.112023308525892,
    0.112023308525892,
    0.11250930672225368,
    0.11277479163700824,
    0.11277479163700824,
    0.11277479163700824,
    0.1128499780283592,
    0.11319345037881393,
    0.11319831101555865,
    0.11319831101555865,
    0.11319831101555865,
    0.11319831101555865,
    0.11319831101555865,
    0.11319831101555865,
    0.11439230552361203,
    0.11439230552361203,
    0.11439230552361203,
    0.11439230552361203,
    0.11461401443934209,
    0.11463333242256228
  ],
  "w_vec": [
    0.00980392156862745,
    0.9803921568627451,
    0.00980392156862745
  ]
}