{
  "iteration": 130,
  "n_total": 145,
  "n_feasible": 114,
  "pareto_size": 52,
  "hypervolume": 0.17383344176248,
  "hypervolume_raw": 64666.04033564256,
  "best_objectives": {
    "time_s": 2349.3,
    "temp_K": 301.3084918191146,
    "aging_pct": 0.023717120145335096
  },
  "hv_trace": [
    0.1634354762850683,
    0.1634354762850683,
    0.16347011896751804,
    0.16605857847359662,
    0.16802220051330735,
    0.16802220051330735,
    0.16802220051330735,
    0.16802220051330735,
    0.16802220051330735,
    0.16857214789200003,
    0.16857214789200003,
    0.16857214789200003,
    0.16857214789200003,
    0.16857214789200003,
    0.16857214789200003,
    0.16857214789200003,
    0.1687061248768397,
    0.16870912052040868,
    0.16870912052040868,
    0.16870912052040868,
    0.16870912052040868,
    0.16870912052040868,
    0.16919948769932255,
    0.16959757299778344,
    0.16959757299778344,
    0.16959757299778344,
    0.1696851486415425,
    0.17022176547305792,
    0.17022548016218808,
    0.17022548016218808,
    0.17022548016218808,
    0.17022548016218808,
    0.17022548016218808,
    0.17022548016218808,
    0.17129052557270263,
    0.17129052557270263,
    0.17129052557270263,
    0.17129052557270263,
    0.17150991536737517,
    0.1715539272003707,
    0.1715842119817912,
    0.17159465602377777,
    0.17167170507536758,
    0.17167170507536758,
    0.17178272548355036,
    0.17178634130367462,
    0.17178924115537159,
    0.17178924115537159,
    0.17178924115537159,
    0.17178924115537159,
    0.17234719867262,
    0.17234719867262,
    0.17234962561380052,
    0.17234962561380052,
    0.17234962561380052,
    0.17234962561380052,
    0.17234962561380052,
    0.1725327634415975,
    0.1725327634415975,
    0.172740545730429,
    0.172740545730429,
    0.172740545730429,
    0.172740545730429,
    0.172740545730429,
    0.17274121419543018,
    0.17274121419543018,
    0.17279707942629555,
    0.17280386609633852,
    0.17280386609633852,
    0.17280386609633852,
    0.17280386609633852,
    0.17280386609633852,
    0.17280386609633852,
    0.17280386609633852,
    0.1728122573644199,
    0.1728122573644199,
    0.1728122573644199,
    0.1728122573644199,
    0.17283094691126816,
    0.17283094691126816,
    0.17283094691126816,
    0.1729276461830166,
    0.1729276461830166,
    0.1729276461830166,
    0.17292970264182192,
    0.17298146714080628,
    0.17298146714080628,
    0.17298146714080628,
    0.17300736589854218,
    0.17314724567313253,
    0.17314724567313253,
    0.1731494343536114,
    0.1731494343536114,
    0.17323982156322087,
    0.17323982184630016,
    0.17323982184630016,
    0.17324574348286925,
    0.17326295687903784,
    0.17326295687903784,
    0.17326295687903784,
    0.17326963757964625,
    0.17326963757964625,
    0.17327439812700246,
    0.173807359629303,
    0.1738131524502827,
    0.1738131524502827,
    0.1738131524502827,
    0.17381427350793469,
    0.17381427350793469,
    0.17381914418636943,
    0.17381914418636943,
    0.17381914418636943,
    0.17381914418636943,
    0.17381914418636943,
    0.17381914418636943,
    0.1738193944220702,
    0.17381949757473944,
    0.17381949757473944,
    0.1738245048697828,
    0.17382693315407804,
    0.17382693315407804,
    0.17382722509018003,
    0.17382728746843953,
    0.1738272898292888,
    0.17383344176248,
    0.17383344176248,
    0.17383344176248,
    0.17383344176248,
    0.17383344176248,
    0.17383344176248
  ],
  "w_vec": [
    0.00980392156862745,
    0.9803921568627451,
    0.00980392156862745
  ]
}