{
  "iteration": 60,
  "n_total": 75,
  "n_feasible": 58,
  "pareto_size": 29,
  "hypervolume": 0.172740545730429,
  "hypervolume_raw": 64259.48301171959,
  "best_objectives": {
    "time_s": 2349.3,
    "temp_K": 301.4605300594677,
    "aging_pct": 0.023717120145335096
  },
  "hv_trace": [
    0.1634354762850683,
    0.1634354762850683,
    0.16347011896751804,
    0.16605857847359662,
    0.16802220051330735,
    0.16802220051330735,
    0.16802220051330735,
    0.16802220051330735,
    0.16802220051330735,
    0.16857214789200003,
    0.16857214789200003,
    0.16857214789200003,
    0.16857214789200003,
    0.16857214789200003,
    0.16857214789200003,
    0.16857214789200003,
    0.1687061248768397,
    0.16870912052040868,
    0.16870912052040868,
    0.16870912052040868,
    0.16870912052040868,
    0.16870912052040868,
    0.16919948769932255,
    0.16959757299778344,
    0.16959757299778344,
    0.16959757299778344,
    0.1696851486415425,
    0.17022176547305792,
    0.17022548016218808,
    0.17022548016218808,
    0.17022548016218808,
    0.17022548016218808,
    0.17022548016218808,
    0.17022548016218808,
    0.17129052557270263,
    0.17129052557270263,
    0.17129052557270263,
    0.17129052557270263,
    0.17150991536737517,
    0.1715539272003707,
    0.1715842119817912,
    0.17159465602377777,
    0.17167170507536758,
    0.17167170507536758,
    0.17178272548355036,
    0.17178634130367462,
    0.17178924115537159,
    0.17178924115537159,
    0.17178924115537159,
    0.17178924115537159,
    0.17234719867262,
    0.17234719867262,
    0.17234962561380052,
    0.17234962561380052,
    0.17234962561380052,
    0.17234962561380052,
    0.17234962561380052,
    0.1725327634415975,
    0.1725327634415975,
    0.172740545730429
  ],
  "w_vec": [
    0.00980392156862745,
    0.9803921568627451,
    0.00980392156862745
  ]
}