{
  "iteration": 20,
  "n_total": 35,
  "n_feasible": 29,
  "pareto_size": 12,
  "hypervolume": 0.112023308525892,
  "hypervolume_raw": 5.762473365419591,
  "best_objectives": {
    "time_s": 2363.3,
    "temp_K": 301.77156455476813,
    "aging_pct": 0.02396527915899122
  },
  "hv_trace": [
    0.1089640608345282,
    0.1089640608345282,
    0.1090051379459418,
    0.11031741616743429,
    0.11123330700743346,
    0.11123330700743346,
    0.11123330700743346,
    0.11123330700743346,
    0.11123330700743346,
    0.11195786079018098,
    0.11195786079018098,
    0.11195786079018098,
    0.11195786079018098,
    0.11195786079018098,
    0.11195786079018098,
    0.11195786079018098,
    0.11201936185903576,
    0.112023308525892,
    0.112023308525892,
    0.112023308525892
  ],
  "w_vec": [
    0.9803921568627451,
    0.00980392156862745,
    0.00980392156862745
  ]
}