{
  "iteration": 10,
  "n_total": 25,
  "n_feasible": 24,
  "pareto_size": 10,
  "hypervolume": 0.11195786079018098,
  "hypervolume_raw": 5.759106737181018,
  "best_objectives": {
    "time_s": 2363.3,
    "temp_K": 301.8901165528505,
    "aging_pct": 0.02396527915899122
  },
  "hv_trace": [
    0.1089640608345282,
    0.1089640608345282,
    0.1090051379459418,
    0.11031741616743429,
    0.11123330700743346,
    0.11123330700743346,
    0.11123330700743346,
    0.11123330700743346,
    0.11123330700743346,
    0.11195786079018098
  ],
  "w_vec": [
    0.9803921568627451,
    0.00980392156862745,
    0.00980392156862745
  ]
}