{
  "iteration": 10,
  "n_total": 25,
  "n_feasible": 23,
  "pareto_size": 12,
  "hypervolume": 0.49149248271199136,
  "hypervolume_raw": 7590.609903003995,
  "best_objectives": {
    "time_s": 2404.5,
    "temp_K": 302.1280954810793,
    "aging_pct": 0.02396527915899122
  },
  "hv_trace": [
    0.4837226626537424,
    0.4837226626537424,
    0.4837226626537424,
    0.49146178516300676,
    0.49147431422191545,
    0.49147431422191545,
    0.49147431422191545,
    0.49147431422191545,
    0.49147431422191545,
    0.49149248271199136
  ],
  "w_vec": [
    0.9803921568627451,
    0.00980392156862745,
    0.00980392156862745
  ]
}