{
  "iteration": 50,
  "n_total": 65,
  "n_feasible": 52,
  "pareto_size": 25,
  "hypervolume": 0.11480606578032442,
  "hypervolume_raw": 5.9056182588538775,
  "best_objectives": {
    "time_s": 2363.3,
    "temp_K": 301.4605300594677,
    "aging_pct": 0.023717120145335096
  },
  "hv_trace": [
    0.1089640608345282,
    0.1089640608345282,
    0.1090051379459418,
    0.11031741616743429,
    0.11123330700743346,
    0.11123330700743346,
    0.11123330700743346,
    0.11123330700743346,
    0.11123330700743346,
    0.11195786079018098,
    0.11195786079018098,
    0.11195786079018098,
    0.11195786079018098,
    0.11195786079018098,
    0.11195786079018098,
    0.11195786079018098,
    0.11201936185903576,
    0.112023308525892,
    0.112023308525892,
    0.112023308525892,
    0.112023308525892,
    0.112023308525892,
    0.11250930672225368,
    0.11277479163700824,
    0.11277479163700824,
    0.11277479163700824,
    0.1128499780283592,
    0.11319345037881393,
    0.11319831101555865,
    0.11319831101555865,
    0.11319831101555865,
    0.11319831101555865,
    0.11319831101555865,
    0.11319831101555865,
    0.11439230552361203,
    0.11439230552361203,
    0.11439230552361203,
    0.11439230552361203,
    0.11461401443934209,
    0.11463333242256228,
    0.11465414174539938,
    0.11466062289820031,
    0.11471401732740467,
    0.11471401732740467,
    0.11479812340547269,
    0.11480285398244164,
    0.11480606578032442,
    0.11480606578032442,
    0.11480606578032442,
    0.11480606578032442
  ],
  "w_vec": [
    0.00980392156862745,
    0.00980392156862745,
    0.9803921568627451
  ]
}