{
  "iteration": 5,
  "n_total": 20,
  "n_feasible": 20,
  "pareto_size": 10,
  "hypervolume": 0.49147431422191545,
  "hypervolume_raw": 7590.329308843262,
  "best_objectives": {
    "time_s": 2404.5,
    "temp_K": 302.1280954810793,
    "aging_pct": 0.02396527915899122
  },
  "hv_trace": [
    0.4837226626537424,
    0.4837226626537424,
    0.4837226626537424,
    0.49146178516300676,
    0.49147431422191545
  ],
  "w_vec": [
    0.00980392156862745,
    0.9803921568627451,
    0.00980392156862745
  ]
}