{
  "algorithm": "ParEGO",
  "n_total": 35,
  "final_hv": 0.5027552581015255,
  "pareto_size": 14,
  "hv_trace": [
    0.4837226626537424,
    0.4837226626537424,
    0.4837226626537424,
    0.49146178516300676,
    0.49147431422191545,
    0.49147431422191545,
    0.49147431422191545,
    0.49147431422191545,
    0.49147431422191545,
    0.49149248271199136,
    0.49149248271199136,
    0.49149248271199136,
    0.4941505370177458,
    0.4946472691002952,
    0.49615407798077127,
    0.49615407798077127,
    0.5011110567244601,
    0.5027552581015255,
    0.5027552581015255,
    0.5027552581015255
  ],
  "config": {
    "max_iterations": 20,
    "n_warmstart": 15,
    "n_random_cands": 500,
    "riesz_n_div": 10,
    "riesz_s": 2.0,
    "riesz_n_iter": 500,
    "riesz_lr": 0.005,
    "riesz_seed": 42,
    "eta": 0.05,
    "gp_n_restarts": 5,
    "gp_normalize_y": true,
    "xi": 0.05,
    "lhs_seed": 0,
    "w_sample_seed": 0,
    "cand_seed": 0,
    "checkpoint_dir": "unified_results\\parego\\seed_0\\checkpoints",
    "checkpoint_every": 5,
    "battery_model": "LG M50 (Chen2020)"
  }
}