{
  "algorithm": "ParEGO",
  "n_total": 35,
  "final_hv": 0.4994688593585311,
  "pareto_size": 12,
  "hv_trace": [
    0.4837226626537424,
    0.4837226626537424,
    0.4837691019811818,
    0.4915082244904461,
    0.4974165661065226,
    0.4974165661065226,
    0.4974165661065226,
    0.4974165661065226,
    0.4974165661065226,
    0.4990560920753194,
    0.4990560920753194,
    0.4990560920753194,
    0.4990560920753194,
    0.4990560920753194,
    0.4990560920753194,
    0.4990560920753194,
    0.49945992682289897,
    0.4994688593585311,
    0.4994688593585311,
    0.4994688593585311
  ],
  "config": {
    "max_iterations": 20,
    "n_warmstart": 15,
    "n_random_cands": 500,
    "riesz_n_div": 10,
    "riesz_s": 2.0,
    "riesz_n_iter": 500,
    "riesz_lr": 0.005,
    "riesz_seed": 42,
    "eta": 0.05,
    "gp_n_restarts": 5,
    "gp_normalize_y": true,
    "xi": 0.0,
    "lhs_seed": 0,
    "w_sample_seed": 0,
    "cand_seed": 0,
    "checkpoint_dir": "unified_results\\parego\\seed_0\\checkpoints",
    "checkpoint_every": 10,
    "battery_model": "LG M50 (Chen2020)"
  }
}