{
  "algorithm": "ParEGO",
  "total_iterations": 10,
  "n_warmstart": 5,
  "final_hv": 0.43524613824293185,
  "hv_trace": [
    0.3995048871972377,
    0.3995048871972377,
    0.41907707874634526,
    0.4276093715106809,
    0.4276093715106809,
    0.43110051329929044,
    0.43110051329929044,
    0.4335699143891715,
    0.43408280819707734,
    0.43524613824293185
  ],
  "iteration_stats": [
    {
      "iteration": 1,
      "n_total": 6,
      "n_feasible": 6,
      "pareto_size": 6,
      "hypervolume": 0.3995048871972377,
      "hypervolume_raw": 6169.953477874139,
      "best_time_s": 2649.2000000000003,
      "best_temp_K": 302.3372539988026,
      "best_aging_pct": 0.024057290648818227,
      "source_counts": {
        "pareto_ei": 1
      },
      "t": 0,
      "w_vec": [
        0.00980392156862745,
        0.9803921568627451,
        0.00980392156862745
      ],
      "n_new_evals": 1,
      "iter_time_s": 2.8,
      "best_ei": 0.2795619248477416
    },
    {
      "iteration": 2,
      "n_total": 7,
      "n_feasible": 7,
      "pareto_size": 6,
      "hypervolume": 0.3995048871972377,
      "hypervolume_raw": 6169.953477874139,
      "best_time_s": 2649.2000000000003,
      "best_temp_K": 302.3372539988026,
      "best_aging_pct": 0.024057290648818227,
      "source_counts": {
        "pareto_ei": 1
      },
      "t": 1,
      "w_vec": [
        0.00980392156862745,
        0.00980392156862745,
        0.9803921568627451
      ],
      "n_new_evals": 1,
      "iter_time_s": 2.7,
      "best_ei": 0.5306194170715086
    },
    {
      "iteration": 3,
      "n_total": 8,
      "n_feasible": 8,
      "pareto_size": 7,
      "hypervolume": 0.41907707874634526,
      "hypervolume_raw": 6472.226404158556,
      "best_time_s": 2649.2000000000003,
      "best_temp_K": 302.3372539988026,
      "best_aging_pct": 0.024057290648818227,
      "source_counts": {
        "pareto_ei": 1
      },
      "t": 2,
      "w_vec": [
        0.9803921568627451,
        0.00980392156862745,
        0.00980392156862745
      ],
      "n_new_evals": 1,
      "iter_time_s": 2.69,
      "best_ei": 0.18407593800545108
    },
    {
      "iteration": 4,
      "n_total": 9,
      "n_feasible": 9,
      "pareto_size": 7,
      "hypervolume": 0.4276093715106809,
      "hypervolume_raw": 6603.999133610956,
      "best_time_s": 2649.2000000000003,
      "best_temp_K": 302.3372539988026,
      "best_aging_pct": 0.024057290648818227,
      "source_counts": {
        "pareto_ei": 1
      },
      "t": 3,
      "w_vec": [
        0.00980392156862745,
        0.9803921568627451,
        0.00980392156862745
      ],
      "n_new_evals": 1,
      "iter_time_s": 3.22,
      "best_ei": 0.30302749252268574
    },
    {
      "iteration": 5,
      "n_total": 10,
      "n_feasible": 10,
      "pareto_size": 7,
      "hypervolume": 0.4276093715106809,
      "hypervolume_raw": 6603.999133610956,
      "best_time_s": 2649.2000000000003,
      "best_temp_K": 301.4865307976011,
      "best_aging_pct": 0.024057290648818227,
      "source_counts": {
        "pareto_ei": 1
      },
      "t": 4,
      "w_vec": [
        0.00980392156862745,
        0.9803921568627451,
        0.00980392156862745
      ],
      "n_new_evals": 1,
      "iter_time_s": 2.67,
      "best_ei": 0.03630062667109618
    },
    {
      "iteration": 6,
      "n_total": 11,
      "n_feasible": 11,
      "pareto_size": 8,
      "hypervolume": 0.43110051329929044,
      "hypervolume_raw": 6657.916327394241,
      "best_time_s": 2570.5,
      "best_temp_K": 301.4865307976011,
      "best_aging_pct": 0.024057290648818227,
      "source_counts": {
        "pareto_ei": 1
      },
      "t": 5,
      "w_vec": [
        0.9803921568627451,
        0.00980392156862745,
        0.00980392156862745
      ],
      "n_new_evals": 1,
      "iter_time_s": 2.63,
      "best_ei": 0.1628881440447711
    },
    {
      "iteration": 7,
      "n_total": 12,
      "n_feasible": 12,
      "pareto_size": 8,
      "hypervolume": 0.43110051329929044,
      "hypervolume_raw": 6657.916327394241,
      "best_time_s": 2570.5,
      "best_temp_K": 301.4865307976011,
      "best_aging_pct": 0.024057290648818227,
      "source_counts": {
        "pareto_ei": 1
      },
      "t": 6,
      "w_vec": [
        0.00980392156862745,
        0.9803921568627451,
        0.00980392156862745
      ],
      "n_new_evals": 1,
      "iter_time_s": 2.66,
      "best_ei": 0.015578961581578604
    },
    {
      "iteration": 8,
      "n_total": 13,
      "n_feasible": 13,
      "pareto_size": 9,
      "hypervolume": 0.4335699143891715,
      "hypervolume_raw": 6696.053757826364,
      "best_time_s": 2570.5,
      "best_temp_K": 301.4865307976011,
      "best_aging_pct": 0.023774910513874977,
      "source_counts": {
        "pareto_ei": 1
      },
      "t": 7,
      "w_vec": [
        0.00980392156862745,
        0.00980392156862745,
        0.9803921568627451
      ],
      "n_new_evals": 1,
      "iter_time_s": 2.43,
      "best_ei": 0.238908762662169
    },
    {
      "iteration": 9,
      "n_total": 14,
      "n_feasible": 14,
      "pareto_size": 10,
      "hypervolume": 0.43408280819707734,
      "hypervolume_raw": 6703.974889795662,
      "best_time_s": 2570.5,
      "best_temp_K": 301.4865307976011,
      "best_aging_pct": 0.023774910513874977,
      "source_counts": {
        "pareto_ei": 1
      },
      "t": 8,
      "w_vec": [
        0.00980392156862745,
        0.00980392156862745,
        0.9803921568627451
      ],
      "n_new_evals": 1,
      "iter_time_s": 3.02,
      "best_ei": 0.15132323634559317
    },
    {
      "iteration": 10,
      "n_total": 15,
      "n_feasible": 15,
      "pareto_size": 11,
      "hypervolume": 0.43524613824293185,
      "hypervolume_raw": 6721.941359023839,
      "best_time_s": 2570.5,
      "best_temp_K": 301.4865307976011,
      "best_aging_pct": 0.023774910513874977,
      "source_counts": {
        "pareto_ei": 1
      },
      "t": 9,
      "w_vec": [
        0.00980392156862745,
        0.00980392156862745,
        0.9803921568627451
      ],
      "n_new_evals": 1,
      "iter_time_s": 2.43,
      "best_ei": 0.16103734531850777
    }
  ],
  "pareto_front": [
    {
      "theta": [
        5.2868783359291065,
        0.5044957629079099,
        4.062104937594066
      ],
      "objectives": [
        3210.6000000000004,
        311.6075558188568,
        0.024057290648818227
      ],
      "feasible": true,
      "violation": null,
      "source": "lhs",
      "iteration": 0,
      "acq_value": null,
      "acq_type": null,
      "gp_pred": null,
      "llm_rationale": null,
      "details": {
        "time": 3210.6000000000004,
        "temp": 311.6075558188568,
        "aging": 0.024057290648818227,
        "peak_voltage": 4.255325348603149,
        "total_steps": 263
      },
      "timestamp": "2026-03-12T15:11:49.342612"
    },
    {
      "theta": [
        5.957894423247492,
        0.6912117986618322,
        4.705331519297652
      ],
      "objectives": [
        2649.2000000000003,
        315.20104007360686,
        0.02424475903287739
      ],
      "feasible": true,
      "violation": null,
      "source": "lhs",
      "iteration": 0,
      "acq_value": null,
      "acq_type": null,
      "gp_pred": null,
      "llm_rationale": null,
      "details": {
        "time": 2649.2000000000003,
        "temp": 315.20104007360686,
        "aging": 0.02424475903287739,
        "peak_voltage": 4.290916095298863,
        "total_steps": 256
      },
      "timestamp": "2026-03-12T15:11:51.940626"
    },
    {
      "theta": [
        4.151102751801642,
        0.394046312547468,
        2.2436678296126678
      ],
      "objectives": [
        5310.3,
        307.12971801904206,
        0.0252003282762829
      ],
      "feasible": true,
      "violation": null,
      "source": "lhs",
      "iteration": 0,
      "acq_value": null,
      "acq_type": null,
      "gp_pred": null,
      "llm_rationale": null,