{
  "mu_tracker": {
    "mu": [
      3.365709568917847,
      0.5532704439716084,
      2.388255409497325
    ],
    "alpha_max": 0.7,
    "alpha_min": 0.05,
    "t_decay_alpha": 60.0,
    "initialized": true
  },
  "sigma_tracker": {
    "sigma": [
      0.21999837038244163,
      0.21999837038244163,
      0.5499898150034257
    ],
    "last_grad": [
      135.0,
      135.0,
      54.00000000000002
    ],
    "kappa": 0.2,
    "eps_sigma": 0.001,
    "rho": 0.1
  },
  "current_t": 4,
  "current_f_min": -1.6609943250863195,
  "theta_best": [
    3.0,
    0.6,
    2.5
  ],
  "initialized": true
}