{
  "mu_tracker": {
    "mu": [
      5.630863127350823,
      0.14366736879008118,
      3.392865330794405
    ],
    "alpha_max": 0.7,
    "alpha_min": 0.05,
    "t_decay_alpha": 60.0,
    "initialized": true
  },
  "sigma_tracker": {
    "sigma": [
      2.2,
      0.2199996873260116,
      0.8501635509856584
    ],
    "last_grad": [
      6.925920013353092,
      703.6072570338432,
      182.0740799866469
    ],
    "kappa": 0.2,
    "eps_sigma": 0.001,
    "rho": 0.1
  },
  "current_t": 9,
  "current_f_min": -0.8381770936470955,
  "theta_best": [
    6.138675998421645,
    0.12565155560501146,
    3.5327231945925957
  ],
  "initialized": true
}