{
  "mu_tracker": {
    "mu": [
      3.0376592821126547,
      0.5609689274241106,
      2.136273633853552
    ],
    "alpha_max": 0.7,
    "alpha_min": 0.05,
    "t_decay_alpha": 60.0,
    "initialized": true
  },
  "sigma_tracker": {
    "sigma": [
      0.3347799132052077,
      0.2199988359849948,
      0.6416567645561028
    ],
    "last_grad": [
      124.20000000000002,
      189.00000000000006,
      64.8
    ],
    "kappa": 0.2,
    "eps_sigma": 0.001,
    "rho": 0.1
  },
  "current_t": 14,
  "current_f_min": -1.1917207840662136,
  "theta_best": [
    3.0,
    0.56,
    2.3
  ],
  "initialized": true
}