{
  "mu_tracker": {
    "mu": [
      3.229715199342859,
      0.5917147704612058,
      2.454494262291817
    ],
    "alpha_max": 0.7,
    "alpha_min": 0.05,
    "t_decay_alpha": 60.0,
    "initialized": true
  },
  "sigma_tracker": {
    "sigma": [
      0.3519973926119065,
      0.21999898148619682,
      0.8799837040054809
    ],
    "last_grad": [
      135.0,
      215.99999999999994,
      54.00000000000002
    ],
    "kappa": 0.2,
    "eps_sigma": 0.001,
    "rho": 0.1
  },
  "current_t": 19,
  "current_f_min": -0.9554242854222113,
  "theta_best": [
    3.3,
    0.6,
    2.5
  ],
  "initialized": true
}