{
  "mu_tracker": {
    "mu": [
      3.106235169000522,
      0.513373537570043,
      2.7821859809098557
    ],
    "alpha_max": 0.7,
    "alpha_min": 0.05,
    "t_decay_alpha": 60.0,
    "initialized": true
  },
  "sigma_tracker": {
    "sigma": [
      0.1999981933315869,
      0.20499810186942719,
      0.28275500951456556
    ],
    "last_grad": [
      110.7,
      107.99999999999997,
      78.30000000000001
    ],
    "kappa": 0.2,
    "eps_sigma": 0.001,
    "rho": 0.1
  },
  "current_t": 19,
  "current_f_min": -0.8438932083037496,
  "theta_best": [
    3.05,
    0.51,
    2.65
  ],
  "initialized": true
}