{
  "mu_tracker": {
    "mu": [
      3.2021051484852734,
      0.5491876004693271,
      2.9140160072475183
    ],
    "alpha_max": 0.7,
    "alpha_min": 0.05,
    "t_decay_alpha": 60.0,
    "initialized": true
  },
  "sigma_tracker": {
    "sigma": [
      0.2199982286777079,
      0.32644771269160455,
      0.4216601595654389
    ],
    "last_grad": [
      124.20000000000002,
      83.70000000000003,
      64.8
    ],
    "kappa": 0.2,
    "eps_sigma": 0.001,
    "rho": 0.1
  },
  "current_t": 29,
  "current_f_min": -0.5659940162105777,
  "theta_best": [
    3.24,
    0.56,
    2.93
  ],
  "initialized": true
}