{
  "mu_tracker": {
    "mu": [
      3.5335993224299953,
      0.5593656034535726,
      2.157731154375541
    ],
    "alpha_max": 0.7,
    "alpha_min": 0.05,
    "t_decay_alpha": 60.0,
    "initialized": true
  },
  "sigma_tracker": {
    "sigma": [
      0.43999674076488327,
      0.21999918518820302,
      1.0999796300068514
    ],
    "last_grad": [
      135.0,
      270.0,
      54.00000000000002
    ],
    "kappa": 0.2,
    "eps_sigma": 0.001,
    "rho": 0.1
  },
  "current_t": 4,
  "current_f_min": -0.9366676360035284,
  "theta_best": [
    3.5,
    0.6,
    2.5
  ],
  "initialized": true
}