{
  "mu_tracker": {
    "mu": [
      5.775086027277073,
      0.6003493385766747,
      3.538523695962038
    ],
    "alpha_max": 0.7,
    "alpha_min": 0.05,
    "t_decay_alpha": 60.0,
    "initialized": true
  },
  "sigma_tracker": {
    "sigma": [
      0.9877476360722894,
      0.21999962963025319,
      2.2
    ],
    "last_grad": [
      132.3,
      593.9999999999999,
      56.70000000000002
    ],
    "kappa": 0.2,
    "eps_sigma": 0.001,
    "rho": 0.1
  },
  "current_t": 44,
  "current_f_min": -0.6985739396941478,
  "theta_best": [
    5.7,
    0.59,
    3.5
  ],
  "initialized": true
}