{
  "mu_tracker": {
    "mu": [
      3.085880229625087,
      0.4997269278183045,
      2.5714095702132864
    ],
    "alpha_max": 0.7,
    "alpha_min": 0.05,
    "t_decay_alpha": 60.0,
    "initialized": true
  },
  "sigma_tracker": {
    "sigma": [
      0.21999801266474558,
      0.22549791205636993,
      0.31103051046602215
    ],
    "last_grad": [
      110.7,
      107.99999999999997,
      78.30000000000001
    ],
    "kappa": 0.2,
    "eps_sigma": 0.001,
    "rho": 0.1
  },
  "current_t": 14,
  "current_f_min": -0.9671328826837219,
  "theta_best": [
    3.05,
    0.51,
    2.65
  ],
  "initialized": true
}