{
  "mu_tracker": {
    "mu": [
      3.129870021407192,
      0.520804026650814,
      2.3696884114211465
    ],
    "alpha_max": 0.7,
    "alpha_min": 0.05,
    "t_decay_alpha": 60.0,
    "initialized": true
  },
  "sigma_tracker": {
    "sigma": [
      0.30160990033950275,
      0.1999986796152399,
      0.3420693081604768
    ],
    "last_grad": [
      100.44,
      151.46999999999997,
      88.56000000000002
    ],
    "kappa": 0.2,
    "eps_sigma": 0.001,
    "rho": 0.1
  },
  "current_t": 9,
  "current_f_min": -1.2185050488867515,
  "theta_best": [
    3.07,
    0.472,
    2.509
  ],
  "initialized": true
}