{
  "mu_tracker": {
    "mu": [
      6.068286533583394,
      0.699310583937977,
      4.065863094474868
    ],
    "alpha_max": 0.7,
    "alpha_min": 0.05,
    "t_decay_alpha": 60.0,
    "initialized": true
  },
  "sigma_tracker": {
    "sigma": [
      0.7333288066123049,
      0.2199995925933471,
      2.2
    ],
    "last_grad": [
      162.0,
      540.0,
      27.000000000000025
    ],
    "kappa": 0.2,
    "eps_sigma": 0.001,
    "rho": 0.1
  },
  "current_t": 49,
  "current_f_min": -1.3804081212713015,
  "theta_best": [
    7.0,
    0.7,
    5.0
  ],
  "initialized": true
}