{
  "mu_tracker": {
    "mu": [
      3.2415365496904833,
      0.5768686537070566,
      2.9744988217190294
    ],
    "alpha_max": 0.7,
    "alpha_min": 0.05,
    "t_decay_alpha": 60.0,
    "initialized": true
  },
  "sigma_tracker": {
    "sigma": [
      0.21999830248223395,
      0.33,
      0.4799919193279574
    ],
    "last_grad": [
      129.6,
      72.90000000000009,
      59.40000000000002
    ],
    "kappa": 0.2,
    "eps_sigma": 0.001,
    "rho": 0.1
  },
  "current_t": 49,
  "current_f_min": -0.46247239966596576,
  "theta_best": [
    3.25,
    0.58,
    2.98
  ],
  "initialized": true
}