{
  "mu_tracker": {
    "mu": [
      5.630690849242498,
      0.5957735091592786,
      3.53514304425313
    ],
    "alpha_max": 0.7,
    "alpha_min": 0.05,
    "t_decay_alpha": 60.0,
    "initialized": true
  },
  "sigma_tracker": {
    "sigma": [
      0.897952396429354,
      0.19999966330023014,
      2.0
    ],
    "last_grad": [
      132.3,
      593.9999999999999,
      56.70000000000002
    ],
    "kappa": 0.2,
    "eps_sigma": 0.001,
    "rho": 0.1
  },
  "current_t": 19,
  "current_f_min": -0.6780622568900455,
  "theta_best": [
    5.7,
    0.59,
    3.5
  ],
  "initialized": true
}