{
  "mu_tracker": {
    "mu": [
      3.121746304989121,
      0.5618114060674487,
      2.911849341802741
    ],
    "alpha_max": 0.7,
    "alpha_min": 0.05,
    "t_decay_alpha": 60.0,
    "initialized": true
  },
  "sigma_tracker": {
    "sigma": [
      0.19999817553206048,
      0.3,
      0.2761869968884242
    ],
    "last_grad": [
      109.62,
      54.00000000000005,
      79.38000000000001
    ],
    "kappa": 0.2,
    "eps_sigma": 0.001,
    "rho": 0.1
  },
  "current_t": 34,
  "current_f_min": -0.6971817399604875,
  "theta_best": [
    3.05,
    0.506,
    2.85
  ],
  "initialized": true
}