{
  "mu_tracker": {
    "mu": [
      3.062600953080054,
      0.5125575911826922,
      2.859127468773729
    ],
    "alpha_max": 0.7,
    "alpha_min": 0.05,
    "t_decay_alpha": 60.0,
    "initialized": true
  },
  "sigma_tracker": {
    "sigma": [
      0.21999799308526655,
      0.33,
      0.30380569657726664
    ],
    "last_grad": [
      109.62,
      54.00000000000005,
      79.38000000000001
    ],
    "kappa": 0.2,
    "eps_sigma": 0.001,
    "rho": 0.1
  },
  "current_t": 39,
  "current_f_min": -0.6740013153777553,
  "theta_best": [
    3.05,
    0.506,
    2.85
  ],
  "initialized": true
}