{
  "mu_tracker": {
    "mu": [
      4.418552975253963,
      0.645359070494297,
      2.3231895695656886
    ],
    "alpha_max": 0.7,
    "alpha_min": 0.05,
    "t_decay_alpha": 60.0,
    "initialized": true
  },
  "sigma_tracker": {
    "sigma": [
      0.6666625514657317,
      0.1999996296303155,
      2.0
    ],
    "last_grad": [
      162.0,
      540.0,
      27.000000000000025
    ],
    "kappa": 0.2,
    "eps_sigma": 0.001,
    "rho": 0.1
  },
  "current_t": 24,
  "current_f_min": -2.608109246172177,
  "theta_best": [
    3.0,
    0.7,
    1.0
  ],
  "initialized": true
}