{
  "mu_tracker": {
    "mu": [
      4.9012810861746345,
      0.6109144486127575,
      3.0372826359808496
    ],
    "alpha_max": 0.7,
    "alpha_min": 0.05,
    "t_decay_alpha": 60.0,
    "initialized": true
  },
  "sigma_tracker": {
    "sigma": [
      0.808157156786419,
      0.21999954732603436,
      1.8856810285532883
    ],
    "last_grad": [
      132.3,
      486.00000000000006,
      56.70000000000002
    ],
    "kappa": 0.2,
    "eps_sigma": 0.001,
    "rho": 0.1
  },
  "current_t": 9,
  "current_f_min": -0.8125511081174269,
  "theta_best": [
    5.4,
    0.59,
    3.6
  ],
  "initialized": true
}