{
  "iteration": 5,
  "n_total": 10,
  "n_feasible": 10,
  "pareto_size": 7,
  "hypervolume": 0.09539296933287775,
  "hypervolume_raw": 4.907009552408851,
  "best_objectives": {
    "time_s": 2649.2000000000003,
    "temp_K": 301.4865337853633,
    "aging_pct": 0.024058114178088473
  },
  "hv_trace": [
    0.08918161442710246,
    0.08918161442710246,
    0.09312753778772995,
    0.09539296933287775,
    0.09539296933287775
  ],
  "w_vec": [
    0.00980392156862745,
    0.9803921568627451,
    0.00980392156862745
  ]
}