{
  "iteration": 10,
  "n_total": 15,
  "n_feasible": 15,
  "pareto_size": 11,
  "hypervolume": 0.10189495001962626,
  "hypervolume_raw": 5.24147111244393,
  "best_objectives": {
    "time_s": 2396.125484046973,
    "temp_K": 301.4865337853633,
    "aging_pct": 0.023795162546224678
  },
  "hv_trace": [
    0.08918161442710246,
    0.08918161442710246,
    0.09312753778772995,
    0.09539296933287775,
    0.09539296933287775,
    0.09998221495767304,
    0.09998221495767304,
    0.10051788729447787,
    0.10188977834370387,
    0.10189495001962626
  ],
  "w_vec": [
    0.00980392156862745,
    0.00980392156862745,
    0.9803921568627451
  ]
}