{
  "mu_tracker": {
    "mu": [
      5.5470738386562175,
      0.5428894146010681,
      3.4188502461094465
    ],
    "alpha_max": 0.7,
    "alpha_min": 0.05,
    "t_decay_alpha": 60.0,
    "initialized": true
  },
  "sigma_tracker": {
    "sigma": [
      0.8329299128940791,
      0.2199996102814483,
      2.2
    ],
    "last_grad": [
      149.10154390747905,
      564.5089495870096,
      39.898456092520966
    ],
    "kappa": 0.2,
    "eps_sigma": 0.001,
    "rho": 0.1
  },
  "current_t": 9,
  "current_f_min": -1.0795366616306106,
  "theta_best": [
    6.251837919669403,
    0.6522279403980705,
    4.161064032310108
  ],
  "initialized": true
}