{
  "mu_tracker": {
    "mu": [
      5.707427743204121,
      0.47906163735607754,
      3.606497659927639
    ],
    "alpha_max": 0.7,
    "alpha_min": 0.05,
    "t_decay_alpha": 60.0,
    "initialized": true
  },
  "sigma_tracker": {
    "sigma": [
      1.5999802471574418,
      0.199999691358501,
      1.1999888889917683
    ],
    "last_grad": [
      81.00000000000001,
      647.9999999999998,
      108.0
    ],
    "kappa": 0.2,
    "eps_sigma": 0.001,
    "rho": 0.1
  },
  "current_t": 9,
  "current_f_min": 0.010068147393212155,
  "theta_best": [
    6.9,
    0.4,
    4.5
  ],
  "initialized": true
}