{
  "mu_tracker": {
    "mu": [
      3.49353857934968,
      0.623054900674582,
      1.42392690447569
    ],
    "alpha_max": 0.7,
    "alpha_min": 0.05,
    "t_decay_alpha": 60.0,
    "initialized": true
  },
  "sigma_tracker": {
    "sigma": [
      0.7735794997938519,
      0.19999963866370613,
      2.0
    ],
    "last_grad": [
      143.1,
      553.5,
      45.90000000000001
    ],
    "kappa": 0.2,
    "eps_sigma": 0.001,
    "rho": 0.1
  },
  "current_t": 4,
  "current_f_min": 0.00665421632224005,
  "theta_best": [
    3.1500000000000004,
    0.63,
    1.1
  ],
  "initialized": true
}