{
  "mu_tracker": {
    "mu": [
      6.665311907067469,
      0.5871403049469499,
      4.586055479437161
    ],
    "alpha_max": 0.7,
    "alpha_min": 0.05,
    "t_decay_alpha": 60.0,
    "initialized": true
  },
  "sigma_tracker": {
    "sigma": [
      1.0119925037592314,
      0.2199996457332597,
      2.2
    ],
    "last_grad": [
      135.0,
      621.0,
      54.00000000000002
    ],
    "kappa": 0.2,
    "eps_sigma": 0.001,
    "rho": 0.1
  },
  "current_t": 9,
  "current_f_min": 0.010304723259737357,
  "theta_best": [
    7.0,
    0.6,
    4.7
  ],
  "initialized": true
}