{
  "mu_tracker": {
    "mu": [
      4.228135466528206,
      0.5890238701852574,
      2.1702601465011577
    ],
    "alpha_max": 0.7,
    "alpha_min": 0.05,
    "t_decay_alpha": 60.0,
    "initialized": true
  },
  "sigma_tracker": {
    "sigma": [
      0.49999691359929876,
      0.19999950617405884,
      2.0
    ],
    "last_grad": [
      162.0,
      405.0,
      27.000000000000025
    ],
    "kappa": 0.2,
    "eps_sigma": 0.001,
    "rho": 0.1
  },
  "current_t": 4,
  "current_f_min": 0.008445205145795984,
  "theta_best": [
    3.0,
    0.7,
    1.5
  ],
  "initialized": true
}