{
  "mu_tracker": {
    "mu": [
      5.2211930238430195,
      0.40784648542051194,
      3.0984603903705397
    ],
    "alpha_max": 0.7,
    "alpha_min": 0.05,
    "t_decay_alpha": 60.0,
    "initialized": true
  },
  "sigma_tracker": {
    "sigma": [
      0.9679928296827432,
      0.2199996296302532,
      2.2
    ],
    "last_grad": [
      135.0,
      594.0,
      54.00000000000002
    ],
    "kappa": 0.2,
    "eps_sigma": 0.001,
    "rho": 0.1
  },
  "current_t": 19,
  "current_f_min": 0.010294117647058823,
  "theta_best": [
    6.5,
    0.6,
    4.3
  ],
  "initialized": true
}