{
  "mu_tracker": {
    "mu": [
      6.276941129227618,
      0.4204982744122023,
      4.155072835215346
    ],
    "alpha_max": 0.7,
    "alpha_min": 0.05,
    "t_decay_alpha": 60.0,
    "initialized": true
  },
  "sigma_tracker": {
    "sigma": [
      1.5124824944155741,
      0.2199996296302532,
      1.2736717965711835
    ],
    "last_grad": [
      86.39999999999999,
      594.0,
      102.60000000000002
    ],
    "kappa": 0.2,
    "eps_sigma": 0.001,
    "rho": 0.1
  },
  "current_t": 14,
  "current_f_min": 0.010032171255020738,
  "theta_best": [
    6.8,
    0.42,
    4.6
  ],
  "initialized": true
}