{
  "mu_tracker": {
    "mu": [
      6.381898586853758,
      0.27440565183693477,
      1.9977287165586393
    ],
    "alpha_max": 0.7,
    "alpha_min": 0.05,
    "t_decay_alpha": 60.0,
    "initialized": true
  },
  "sigma_tracker": {
    "sigma": [
      2.0,
      0.19999987654328608,
      1.71427664403892
    ],
    "last_grad": [
      0.0,
      1620.0,
      189.00000000000003
    ],
    "kappa": 0.2,
    "eps_sigma": 0.001,
    "rho": 0.1
  },
  "current_t": 4,
  "current_f_min": -1.3365172058581816,
  "theta_best": [
    7.0,
    0.1,
    1.0
  ],
  "initialized": true
}