{
  "mu": [
    6.0,
    4.795329641387792,
    3.0,
    0.4,
    0.2672587220419499
  ],
  "sigma": [
    0.6,
    0.44999999999999996,
    0.15,
    0.045000000000000005,
    0.029999999999999995
  ],
  "alpha_t": 0.0,
  "stagnation_count": 0,
  "t": 4,
  "f_min": 0.010726839791580602,
  "theta_best": [
    6.0,
    4.795329641387792,
    3.0,
    0.4,
    0.2672587220419499
  ],
  "grad_psi_at_best": [
    0.0,
    0.0,
    0.0,
    0.0,
    0.0
  ]
}