{
  "t": 4,
  "n_total": 16,
  "n_feasible": 15,
  "pareto_size": 11,
  "hypervolume": 0.36708103407358683,
  "last_guidance": {
    "mode": "region",
    "confidence": 0.25,
    "point": null,
    "lb": [
      5.6,
      4.7,
      2.9,
      0.358,
      0.2412587220419499
    ],
    "ub": [
      6.0,
      5.0,
      3.0,
      0.4,
      0.2812587220419499
    ],
    "note": "heuristic-fallback",
    "raw_text": ""
  },
  "last_gp_llm_coupling": {
    "mode": "region",
    "grid": [
      [
        5.930490488931537,
        4.852473851107061,
        2.945497882273048,
        0.37825390882231297,
        0.27113235240916933
      ],
      [
        5.666131672263145,
        4.839060113206505,
        2.9741383768618106,
        0.38849678327515724,
        0.24934379605691162
      ],
      [
        5.75812652669847,
        4.929146217089146,
        2.9080905061215163,
        0.3580362147781998,
        0.25741610845665663
      ],
      [
        5.845141591131687,
        4.764744086284191,
        2.986334418784827,
        0.3899369414038956,
        0.2781179348949644
      ],
      [
        5.854900591447949,
        4.989648975711316,
        2.957626552414149,
        0.3956124188620597,
        0.2713082441885325
      ],
      [
        5.742104461044073,
        4.704232136625797,
        2.9352356757968665,
        0.3645323653034866,
        0.2532699888397309
      ],
      [
        5.63370412029326,
        4.914157336018979,
        2.9950339280068876,
        0.38392884871549904,
        0.2450145696301314
      ],
      [
        5.969156501442194,
        4.777385747805238,
        2.9230396344326435,
        0.37319350646063687,
        0.26446670541654554
      ],
      [
        5.9888540465384725,
        4.962333242595196,
        2.9910345011390747,
        0.3676348160207272,
        0.24803229251991238
      ],
      [
        5.60164385959506,
        4.7508935341611505,
        2.9127905888482926,
        0.398713580487296,
        0.26748411731909244
      ],
      [
        5.722541144862771,
        4.88551432127133,
        2.9538132825866343,
        0.3688195777833462,
        0.27922832751761406
      ],
      [
        5.887095082551241,
        4.8253561175428334,
        2.9251727876253426,
        0.37955619442276656,
        0.2611897707183215
      ],
      [
        5.813261381909251,
        4.9003045313991604,
        2.905839539784938,
        0.3849957117959857,
        0.2544179178599569
      ],
      [
        5.777613496780395,
        4.810575098451227,
        2.9778338337317107,
        0.3747515632715076,
        0.2751200531993362
      ],
      [
        5.698121699318289,
        4.975942726433277,
        2.943060758523643,
        0.3947094905301929,
        0.2631927388731691
      ],
      [
        5.911113332211971,
        4.7372749308124185,
        2.965451634768397,
        0.36281005330942573,
        0.24140448188523975
      ],
      [
        5.914541888982058,
        4.966522604133933,
        2.9186961873434485,
        0.3818851488661021,
        0.2771257544134113
      ],
      [
        5.675964537635445,
        4.727944445703179,
        2.9900124900043012,
        0.3716201706081629,
        0.25766675261895383
      ],
      [
        5.799990653246641,
        4.890994647331536,
        2.93088984452188,
        0.39653336964361374,
        0.25091950973610605
      ],
      [
        5.809661753848195,
        4.8011343739926815,
        2.9525907139293848,
        0.36461374355852605,
        0.268970126343176
      ],
      [
        5.890526901185512,
        4.876185858435929,
        2.978179773222655,
        0.3605683171506971,
        0.2654660949308726
      ],
      [
        5.700386854633688,
        4.815934043377638,
        2.9006130885332824,
        0.3916679108813405,
        0.24475679332505193
      ],
      [
        5.624017751216888,
        4.952895149495452,
        2.9659861154854297,
        0.37718305489979687,
        0.25168225752304524
      ],
      [
        5.985251550003886,
        4.741581091377884,
        2.938034865166992,
        0.3879398599341512,
        0.2734825635899159
      ],
      [
        5.953227902948856,
        4.923430905211717,
        2.9697900333441796,
        0.39218637800589207,
        0.2590551582921597
      ],
      [
        5.643361299857497,
        4.786862787138671,
        2.9480891643092035,
        0.36108549487031993,
        0.28085577326010197
      ],
      [
        5.732227346301078,
        4.999105417355895,
        2.9821881586685777,
        0.38606788516417145,
        0.2677803900290581
      ],
      [
        5.871000201627612,
        4.713526302389801,
        2.910871855635196,
        0.3753123542014509,
        0.24707138778756585
      ],
      [
        5.829209766536951,
        4.938621237501502,
        2.9333355334587394,
        0.37086714553460476,
        0.24352707876007285
      ],
      [
        5.767780846729875,
        4.774019601754844,
        2.9612867841497064,
        0.3811308494079858,
        0.26157738437990874
      ],
      [
        5.656257786601781,
        4.861765391100198,
        2.9209374083206057,
        0.3667202765904367,
        0.27483099160830704
      ],
      [
        5.9465929556638,
        4.8485191102139655,
        2.9985040926374493,
        0.39864119176752866,
        0.25537168836335866
      ],
      [
        5.938809253647923,
        4.932674421090633,
        2.955729375127703,
        0.3869607106540352,
        0.2642724108893725
      ],
      [
        5.651599472016096,
        4.75886294124648,
        2.9277723548933863,
        0.37671655328944326,
        0.246224394087896
      ],
      [
        5.772500583902001,
        4.858318320289254,
        2.9931236380711197,
        0.39143730677105487,
        0.2529879029292914
      ],
      [
        5.837054116278886,
        4.835568513534963,
        2.9155634862370787,
        0.35953786071017385,
        0.2724498001683804
      ],
      [
        5.863231764361262,
        4.910617703571916,
        2.9411462035961446,
        0.36566471031494435,
        0.27815842008332936
      ],
      [
        5.727584284543991,
        4.783260010741651,
        2.9628536054864525,
        0.3967434834651649,
        0.2563600939337465
      ],
      [
        5.648090186342596,
        4.983811352867633,
        2.9037519408389927,
        0.3721071625072509,
        0.2494525407824966
      ],
      [
        5.961081413924694,
        4.707735200505704,
        2.9750624739564957,
        0.38284378783032297,
        0.2701641370181295
      ],
      [
        5.980522657558322,
        4.881986115034669,
        2.9077635689638552,
        0.39759006729722024,
        0.24237232131998268
      ],
      [
        5.616164246201515,
        4.831237264815718,
        2.9853237204253675,
        0.36651002007536587,
        0.26308421691994394
      ],
      [
        5.708155297860503,
        4.9564887711778285,
        2.9449472602456805,
        0.3806436797678471,
        0.27617583541314333
      ],
      [
        5.895169956982135,
        4.754385136067867,
        2.9729042808525263,
        0.36990834384970367,
        0.254377818164632
      ],
      [
        5.804942022636532,
        4.979482356645167,
        2.995362379681319,
        0.376291661195457,
        0.26004859218488663
      ],
      [
        5.792146297544241,
        4.73140067011118,
        2.9240518461912868,
        0.3865345294680447,
        0.27951018797348465
      ],
      [
        5.683748233690857,
        4.90614215200767,
        2.9581786878407,
        0.36131627672165634,
        0.26627452785263983
      ],
      [
        5.919200209528208,
        4.8070720368064945,
        2.9364712863229214,
        0.39321699716709557,
        0.24822620006392923
      ],
      [
        5.903293009102344,
        4.896866615861654,
