{
  "algorithm": "ParEGO",
  "total_iterations": 10,
  "n_warmstart": 5,
  "final_hv": 0.10189495001962626,
  "hv_trace": [
    0.08918161442710246,
    0.08918161442710246,
    0.09312753778772995,
    0.09539296933287775,
    0.09539296933287775,
    0.09998221495767304,
    0.09998221495767304,
    0.10051788729447787,
    0.10188977834370387,
    0.10189495001962626
  ],
  "iteration_stats": [
    {
      "iteration": 1,
      "n_total": 6,
      "n_feasible": 6,
      "pareto_size": 6,
      "hypervolume": 0.08918161442710246,
      "hypervolume_raw": 4.587497767953515,
      "best_time_s": 2649.2000000000003,
      "best_temp_K": 302.3378591090237,
      "best_aging_pct": 0.024058114178088473,
      "source_counts": {
        "pareto_ei": 1
      },
      "t": 0,
      "w_vec": [
        0.00980392156862745,
        0.9803921568627451,
        0.00980392156862745
      ],
      "n_new_evals": 1,
      "iter_time_s": 3.42,
      "best_ei": 0.2797328461372776
    },
    {
      "iteration": 2,
      "n_total": 7,
      "n_feasible": 7,
      "pareto_size": 6,
      "hypervolume": 0.08918161442710246,
      "hypervolume_raw": 4.587497767953515,
      "best_time_s": 2649.2000000000003,
      "best_temp_K": 302.3378591090237,
      "best_aging_pct": 0.024058114178088473,
      "source_counts": {
        "pareto_ei": 1
      },
      "t": 1,
      "w_vec": [
        0.00980392156862745,
        0.00980392156862745,
        0.9803921568627451
      ],
      "n_new_evals": 1,
      "iter_time_s": 3.42,
      "best_ei": 0.5277935071730182
    },
    {
      "iteration": 3,
      "n_total": 8,
      "n_feasible": 8,
      "pareto_size": 7,
      "hypervolume": 0.09312753778772995,
      "hypervolume_raw": 4.790475867483108,
      "best_time_s": 2649.2000000000003,
      "best_temp_K": 302.3378591090237,
      "best_aging_pct": 0.024058114178088473,
      "source_counts": {
        "pareto_ei": 1
      },
      "t": 2,
      "w_vec": [
        0.9803921568627451,
        0.00980392156862745,
        0.00980392156862745
      ],
      "n_new_evals": 1,
      "iter_time_s": 3.83,
      "best_ei": 0.0686279291031776
    },
    {
      "iteration": 4,
      "n_total": 9,
      "n_feasible": 9,
      "pareto_size": 7,
      "hypervolume": 0.09539296933287775,
      "hypervolume_raw": 4.907009552408851,
      "best_time_s": 2649.2000000000003,
      "best_temp_K": 302.3378591090237,
      "best_aging_pct": 0.024058114178088473,
      "source_counts": {
        "pareto_ei": 1
      },
      "t": 3,
      "w_vec": [
        0.00980392156862745,
        0.9803921568627451,
        0.00980392156862745
      ],
      "n_new_evals": 1,
      "iter_time_s": 3.26,
      "best_ei": 0.3030191443821311
    },
    {
      "iteration": 5,
      "n_total": 10,
      "n_feasible": 10,
      "pareto_size": 7,
      "hypervolume": 0.09539296933287775,
      "hypervolume_raw": 4.907009552408851,
      "best_time_s": 2649.2000000000003,
      "best_temp_K": 301.4865337853633,
      "best_aging_pct": 0.024058114178088473,
      "source_counts": {
        "pareto_ei": 1
      },
      "t": 4,
      "w_vec": [
        0.00980392156862745,
        0.9803921568627451,
        0.00980392156862745
      ],
      "n_new_evals": 1,
      "iter_time_s": 3.29,
      "best_ei": 0.036300653251163766
    },
    {
      "iteration": 6,
      "n_total": 11,
      "n_feasible": 11,
      "pareto_size": 8,
      "hypervolume": 0.09998221495767304,
      "hypervolume_raw": 5.143080116903373,
      "best_time_s": 2396.125484046973,
      "best_temp_K": 301.4865337853633,
      "best_aging_pct": 0.024058114178088473,
      "source_counts": {
        "pareto_ei": 1
      },
      "t": 5,
      "w_vec": [
        0.9803921568627451,
        0.00980392156862745,
        0.00980392156862745
      ],
      "n_new_evals": 1,
      "iter_time_s": 3.72,
      "best_ei": 0.15612907175897797
    },
    {
      "iteration": 7,
      "n_total": 12,
      "n_feasible": 12,
      "pareto_size": 8,
      "hypervolume": 0.09998221495767304,
      "hypervolume_raw": 5.143080116903373,
      "best_time_s": 2396.125484046973,
      "best_temp_K": 301.4865337853633,
      "best_aging_pct": 0.024058114178088473,
      "source_counts": {
        "pareto_ei": 1
      },
      "t": 6,
      "w_vec": [
        0.00980392156862745,
        0.9803921568627451,
        0.00980392156862745
      ],
      "n_new_evals": 1,
      "iter_time_s": 3.4,
      "best_ei": 0.008841985548502398
    },
    {
      "iteration": 8,
      "n_total": 13,
      "n_feasible": 13,
      "pareto_size": 9,
      "hypervolume": 0.10051788729447787,
      "hypervolume_raw": 5.170635075010296,
      "best_time_s": 2396.125484046973,
      "best_temp_K": 301.4865337853633,
      "best_aging_pct": 0.023795162546224678,
      "source_counts": {
        "pareto_ei": 1
      },
      "t": 7,
      "w_vec": [
        0.00980392156862745,
        0.00980392156862745,
        0.9803921568627451
      ],
      "n_new_evals": 1,
      "iter_time_s": 3.38,
      "best_ei": 0.20897057561710958
    },
    {
      "iteration": 9,
      "n_total": 14,
      "n_feasible": 14,
      "pareto_size": 10,
      "hypervolume": 0.10188977834370387,
      "hypervolume_raw": 5.241205081694174,
      "best_time_s": 2396.125484046973,
      "best_temp_K": 301.4865337853633,
      "best_aging_pct": 0.023795162546224678,
      "source_counts": {
        "pareto_ei": 1
      },
      "t": 8,
      "w_vec": [
        0.00980392156862745,
        0.00980392156862745,
        0.9803921568627451
      ],
      "n_new_evals": 1,
      "iter_time_s": 3.37,
      "best_ei": 0.16095770502761717
    },
    {
      "iteration": 10,
      "n_total": 15,
      "n_feasible": 15,
      "pareto_size": 11,
      "hypervolume": 0.10189495001962626,
      "hypervolume_raw": 5.24147111244393,
      "best_time_s": 2396.125484046973,
      "best_temp_K": 301.4865337853633,
      "best_aging_pct": 0.023795162546224678,
      "source_counts": {
        "pareto_ei": 1
      },
      "t": 9,
      "w_vec": [
        0.00980392156862745,
        0.00980392156862745,
        0.9803921568627451
      ],
      "n_new_evals": 1,
      "iter_time_s": 3.29,
      "best_ei": 0.14527705549871853
    }
  ],
  "pareto_front": [
    {
      "theta": [
        5.2868783359291065,
        0.5044957629079099,
        4.062104937594066
      ],
      "objectives": [
        3210.6000000000004,
        311.60751569892767,
        0.024058114178088473
      ],
      "feasible": true,
      "violation": null,
      "source": "lhs",
      "iteration": 0,
      "acq_value": null,
      "acq_type": null,
      "gp_pred": null,
      "llm_rationale": null,
      "details": {
        "time": 3210.6000000000004,
        "temp": 311.60751569892767,
        "aging": 0.024058114178088473,
        "peak_voltage": 4.2553257359224315,
        "total_steps": 56
      },
      "timestamp": "2026-03-17T10:49:18.057227"
    },
    {
      "theta": [
        5.957894423247492,
        0.6912117986618322,
        4.705331519297652
      ],
      "objectives": [
        2649.2000000000003,
        315.2010274111573,
        0.024249416622580747
      ],
      "feasible": true,
      "violation": null,
      "source": "lhs",
      "iteration": 0,
      "acq_value": null,
      "acq_type": null,
      "gp_pred": null,
      "llm_rationale": null,
      "details": {
        "time": 2649.2000000000003,
        "temp": 315.2010274111573,
        "aging": 0.024249416622580747,
        "peak_voltage": 4.290918325860888,
        "total_steps": 47
      },
      "timestamp": "2026-03-17T10:49:21.101845"
    },
    {
      "theta": [
        4.151102751801642,
        0.394046312547468,
        2.2436678296126678
      ],
      "objectives": [
        5310.3,
        307.1296750877058,
        0.0252026094402699
      ],
      "feasible": true,
      "violation": null,
      "source": "lhs",
      "iteration": 0,
      "acq_value": null,