{
  "algorithm": "ParEGO",
  "n_total": 15,
  "final_hv": 0.10189495001962626,
  "pareto_size": 11,
  "hv_trace": [
    0.08918161442710246,
    0.08918161442710246,
    0.09312753778772995,
    0.09539296933287775,
    0.09539296933287775,
    0.09998221495767304,
    0.09998221495767304,
    0.10051788729447787,
    0.10188977834370387,
    0.10189495001962626
  ],
  "config": {
    "max_iterations": 10,
    "n_warmstart": 5,
    "n_random_cands": 500,
    "riesz_n_div": 10,
    "riesz_s": 2.0,
    "riesz_n_iter": 500,
    "riesz_lr": 0.005,
    "riesz_seed": 42,
    "eta": 0.05,
    "gp_n_restarts": 5,
    "gp_normalize_y": true,
    "xi": 0.0,
    "lhs_seed": 42,
    "w_sample_seed": 42,
    "cand_seed": 42,
    "checkpoint_dir": "results_parego_300\\checkpoints",
    "checkpoint_every": 5,
    "battery_model": "LG M50 (Chen2020)"
  }
}