{
  "mu_tracker": {
    "mu": [
      3.0451300646357695,
      0.5959358508373097,
      2.575730010375149
    ],
    "alpha_max": 0.7,
    "alpha_min": 0.05,
    "t_decay_alpha": 60.0,
    "initialized": true
  },
  "sigma_tracker": {
    "sigma": [
      0.21999837038244163,
      0.26190245235932663,
      0.5499898150034257
    ],
    "last_grad": [
      135.0,
      113.4,
      54.00000000000002
    ],
    "kappa": 0.2,
    "eps_sigma": 0.001,
    "rho": 0.1
  },
  "current_t": 29,
  "current_f_min": -0.8183393925952215,
  "theta_best": [
    3.0,
    0.6,
    2.58
  ],
  "initialized": true
}