{
  "mu_tracker": {
    "mu": [
      3.5966071604984253,
      0.5273502252221511,
      1.7481645775638681
    ],
    "alpha_max": 0.7,
    "alpha_min": 0.05,
    "t_decay_alpha": 60.0,
    "initialized": true
  },
  "sigma_tracker": {
    "sigma": [
      0.5999955555884771,
      0.19999950617405884,
      1.4999722227366155
    ],
    "last_grad": [
      135.0,
      405.0,
      54.00000000000002
    ],
    "kappa": 0.2,
    "eps_sigma": 0.001,
    "rho": 0.1
  },
  "current_t": 4,
  "current_f_min": -1.8222070968484883,
  "theta_best": [
    3.0,
    0.6,
    1.5
  ],
  "initialized": true
}