{
  "mu_tracker": {
    "mu": [
      3.0158706697765387,
      0.6175095198535967,
      2.5994965058491735
    ],
    "alpha_max": 0.7,
    "alpha_min": 0.05,
    "t_decay_alpha": 60.0,
    "initialized": true
  },
  "sigma_tracker": {
    "sigma": [
      0.2199984330595936,
      0.2859973518763716,
      0.635542478549824
    ],
    "last_grad": [
      140.4,
      107.99999999999997,
      48.600000000000016
    ],
    "kappa": 0.2,
    "eps_sigma": 0.001,
    "rho": 0.1
  },
  "current_t": 34,
  "current_f_min": -0.7511231108048975,
  "theta_best": [
    3.0,
    0.62,
    2.6
  ],
  "initialized": true
}