{
  "mu_tracker": {
    "mu": [
      3.276597522117421,
      0.5719710144400426,
      1.853286101312422
    ],
    "alpha_max": 0.7,
    "alpha_min": 0.05,
    "t_decay_alpha": 60.0,
    "initialized": true
  },
  "sigma_tracker": {
    "sigma": [
      0.5958287358893836,
      0.21999937322115895,
      1.299978114846551
    ],
    "last_grad": [
      129.6,
      350.99999999999994,
      59.40000000000002
    ],
    "kappa": 0.2,
    "eps_sigma": 0.001,
    "rho": 0.1
  },
  "current_t": 9,
  "current_f_min": -1.0078492330997808,
  "theta_best": [
    3.4,
    0.58,
    2.1
  ],
  "initialized": true
}