{
  "mu_tracker": {
    "mu": [
      3.0301486946954066,
      0.5822087422257832,
      2.494434807260577
    ],
    "alpha_max": 0.7,
    "alpha_min": 0.05,
    "t_decay_alpha": 60.0,
    "initialized": true
  },
  "sigma_tracker": {
    "sigma": [
      0.22916489841899368,
      0.21999837038244163,
      0.4999915826332889
    ],
    "last_grad": [
      129.6,
      135.0,
      59.40000000000002
    ],
    "kappa": 0.2,
    "eps_sigma": 0.001,
    "rho": 0.1
  },
  "current_t": 24,
  "current_f_min": -0.8768924684014436,
  "theta_best": [
    3.0,
    0.58,
    2.5
  ],
  "initialized": true
}