{
  "mu_tracker": {
    "mu": [
      5.927057524144109,
      0.5683796213040909,
      3.383261084658982
    ],
    "alpha_max": 0.7,
    "alpha_min": 0.05,
    "t_decay_alpha": 60.0,
    "initialized": true
  },
  "sigma_tracker": {
    "sigma": [
      1.1999911111769541,
      0.1999997530867246,
      2.0
    ],
    "last_grad": [
      135.0,
      810.0,
      54.00000000000002
    ],
    "kappa": 0.2,
    "eps_sigma": 0.001,
    "rho": 0.1
  },
  "current_t": 4,
  "current_f_min": 0.010110509166216615,
  "theta_best": [
    7.0,
    0.6,
    4.0
  ],
  "initialized": true
}