{
  "mu_tracker": {
    "mu": [
      5.196575470732558,
      0.40094259741006216,
      2.876705830393606
    ],
    "alpha_max": 0.7,
    "alpha_min": 0.05,
    "t_decay_alpha": 60.0,
    "initialized": true
  },
  "sigma_tracker": {
    "sigma": [
      2.0,
      0.1999996296303155,
      0.5714255480129734
    ],
    "last_grad": [
      0.0,
      540.0,
      189.00000000000003
    ],
    "kappa": 0.2,
    "eps_sigma": 0.001,
    "rho": 0.1
  },
  "current_t": 9,
  "current_f_min": 0.010784313725490196,
  "theta_best": [
    3.0,
    0.1,
    1.0
  ],
  "initialized": true
}